{
  "version": "2022.1",
  "applications": [],
  "platforms": [
    {
      "name": "self_Tof_sensor"
    }
  ],
  "systems": [
    {
      "name": "Self_Pmod_sens_system",
      "platform": "C:/SparkFun_VL53L5CX_Arduino_Library-main/ToF/self_Tof_sensor/export/self_Tof_sensor/self_Tof_sensor.xpfm",
      "sysConfig": "self_Tof_sensor",
      "buildConfig": "Debug",
      "applications": [
        {
          "name": "Self_Pmod_sens",
          "platform": "C:/SparkFun_VL53L5CX_Arduino_Library-main/ToF/self_Tof_sensor/export/self_Tof_sensor/self_Tof_sensor.xpfm",
          "platformPath": "C:\\SparkFun_VL53L5CX_Arduino_Library-main\\ToF\\self_Tof_sensor\\export\\self_Tof_sensor",
          "sysConfig": "self_Tof_sensor",
          "domain": "standalone_ps7_cortexa9_0",
          "system": "Self_Pmod_sens_system"
        }
      ],
      "platformPath": "C:\\SparkFun_VL53L5CX_Arduino_Library-main\\ToF\\self_Tof_sensor\\export\\self_Tof_sensor"
    }
  ],
  "others": []
}