{
  "version": "2022.1",
  "applications": [],
  "platforms": [
    {
      "name": "oefening1_export"
    }
  ],
  "systems": [
    {
      "name": "oefening1_app_system",
      "platform": "C:/Users/Brent/Desktop/PXLocal/SOC/oefening1/vitis/oefening1_export/export/oefening1_export/oefening1_export.xpfm",
      "sysConfig": "oefening1_export",
      "buildConfig": "Debug",
      "applications": [
        {
          "name": "oefening1_app",
          "platform": "C:/Users/Brent/Desktop/PXLocal/SOC/oefening1/vitis/oefening1_export/export/oefening1_export/oefening1_export.xpfm",
          "platformPath": "C:\\Users\\Brent\\Desktop\\PXLocal\\SOC\\oefening1\\vitis\\oefening1_export\\export\\oefening1_export",
          "sysConfig": "oefening1_export",
          "domain": "standalone_ps7_cortexa9_0",
          "system": "oefening1_app_system"
        }
      ],
      "platformPath": "C:\\Users\\Brent\\Desktop\\PXLocal\\SOC\\oefening1\\vitis\\oefening1_export\\export\\oefening1_export"
    }
  ],
  "others": []
}