{
  "version": "2022.1",
  "applications": [],
  "platforms": [
    {
      "name": "DS1086L2"
    }
  ],
  "systems": [
    {
      "name": "DS1086L_system",
      "platform": "C:/Users/boghe/Documents_pc/systemOnChip/github/SoC-Project/DS1086L2/vitis/DS1086L2/export/DS1086L2/DS1086L2.xpfm",
      "sysConfig": "DS1086L2",
      "buildConfig": "Debug",
      "applications": [
        {
          "name": "DS1086L",
          "platform": "C:/Users/boghe/Documents_pc/systemOnChip/github/SoC-Project/DS1086L2/vitis/DS1086L2/export/DS1086L2/DS1086L2.xpfm",
          "platformPath": "C:\\Users\\boghe\\Documents_pc\\systemOnChip\\github\\SoC-Project\\DS1086L2\\vitis\\DS1086L2\\export\\DS1086L2",
          "sysConfig": "DS1086L2",
          "domain": "standalone_ps7_cortexa9_0",
          "system": "DS1086L_system"
        }
      ],
      "platformPath": "C:\\Users\\boghe\\Documents_pc\\systemOnChip\\github\\SoC-Project\\DS1086L2\\vitis\\DS1086L2\\export\\DS1086L2"
    }
  ],
  "others": []
}